rating,review_title,review_description,date,location,up_votes,down_votes
4,Pretty good,Built quality is very good. Bass is a bit too high to listen for longer periods. You may experience mild ear pain.,"Jul, 2019",", Visakhapatnam",3289,594
5,Worth every penny,"If you love bass go for it, but if you rather prefer smooth and balanced sound, this will not please you...","Aug, 2019",", Mumbai",5543,1022
5,Best in the market!,"Very Good sound clarity with bass, build quality is good, wire is tangled free , affordable price with good quality ‚ò∫ happy with this product.","Oct, 2019",", Mohali",624,111
5,Perfect product!,"Cute color, wonderful sound and fits good to ear. I am using these for a week now and I'm really liking it.","Feb, 2020",", Etawah",599,108
5,Excellent,very good product in this price segment,"May, 2020",", Udaipur",2505,524
5,Worth every penny,Bass is not high that's a pretty good thing.,"May, 2019",", Karimganj",2742,588
5,Perfect product!,Vocal is also good.,"Jul, 2018",", Indore",257,45
4,Good choice,overall it's value for money.,"Jul, 2018",", Katwa",478,95
5,Excellent,ND Flipkart delivered it to me in 2 days that's also good.,"Nov, 2019",", Dewas",825,178
5,Must buy!,They are just awesome . no less then JBL. vocals and both are in balance.clear sound even at highest volume. And its pretty good loud too. Totally satisfied at this price.,"May, 2020",", Allahabad",169,30
5,Fabulous!,Mast Ekach Number.. Not irritated at high volume also.. Fast delivery during knockdown.. Nice packaging original product with warranty card and manual.. I am Happy üòä #music lover,"May, 2020",", Solapur",0,0
3,Good,"So , i will be totally honest about this. ","May, 2020",", Balangir",0,0
5,Wonderful,I was expecting very good quality but this didn't  performed  that well.,"May, 2020",", Karkala",0,0
5,Wonderful,The sound levels are not balanced and bass is also low.,"May, 2020",", Malayinkeezhu",0,0
5,Great product,You will not notice it until you compare it any other earphone. ,"May, 2020",", Sonari",0,0
5,Simply awesome,I compared it with my Realme Buds 2 wired earphone and Boat didn't even come close to it.,"May, 2020",", Jhansi",0,0
5,Fabulous!,I had listened so much about Boat Company but i came to know its quality after i I used it.,"May, 2020",", Chhindwara",1,0
4,Really Nice,The built quality is decent but sound quality is not upto the mark.,"May, 2020",", Ghaziabad",0,0
5,Terrific purchase,I suggest ...,"May, 2020",", Bijapur",0,0
3,Nice,"Very good and durable earphones! I have used JBL, Skullcandy earphones, but they are not durable as this peice of Jem! Reasonable and worth a buy for daily rough use!","May, 2020",", Bhandara",0,0
4,Worth the money,I have 6 earphones right now & if I compare this to all then this is just a ordinary earphone with good sound quality with an okay design. It design is not as good as it is mentioned in the ratings it's kind of delicate.,"Feb, 2020",", Ponda",1,0
5,Terrific purchase,Thank you so much... Nice product with affordable price and good way of delivery,"Feb, 2020",", Namakkal District",0,0
5,Highly recommended,I really like the product I really love this color of earphones it's one of my favorite one should definitely buy it as sound quality was also really nice bass is good if handled with care can be used for long time I loved my this purchase from flipkart thankyou flilkart and packaging was also good delivered in time,"Feb, 2020",", Dehradun",0,0
5,Must buy!,"Great product from  A great company,  and such a fast delivery from u guys.... appreciated and thankful for ur efforts...","Feb, 2020",", Kumarakom",0,0
5,Must buy!,"This is an extremely good earphone from boat.... With good life, good sound quality and at an amazing price tag. I am quite happy with this purchase and will continue to trust BOAT brand for its products.","Feb, 2020",", Patna",0,0
5,Classy product,Great sound quality and build quality ,"Feb, 2020",", New Delhi",0,0
5,Just wow!,Good enough bass but not enough to hit the sweet spot,"Feb, 2020",", Mejia Thermal Power Township",0,0
3,Does the job,I think it's a nice product sound quality is pretty good also with a high quality bass and nicely designed in this price so value of money,"Feb, 2020",", Jodhpur",0,0
4,Worth the money,It works fine with every smartphone brand but sometimes it may not be that handy while inserting in the aux hole. Also it doesn't work when connected in desktop CPU. Everything else is super nice in it.,"Feb, 2020",", Mumbai",0,0
5,Simply awesome,"The boat weired earphones are best in all parts like sound, bass n all and flipkart has delivered in time with proper delivery venue. And the boat earphones are best. My invested money is not waste. Great experience with this earphones.","Feb, 2020",", Visakhapatnam",0,0
5,Terrific purchase,"Decent headsets with decent amount of bass. If you are a bass lover, then this might not be the choice (boAt Rockerz Bluetooth Wireless are too good when it comes to bass). Rest, it maintains a perfect balance between bass and treble.","Jun, 2020",", Mahindra World City",0,0
5,Super!,Go for it if you are not fond of high bass. ,"Jun, 2020",", Panihati",0,0
5,Highly recommended,"Cons - feels very delicate because of its thin wires, but if handled carefully, they are really good at this price point. ","Jun, 2020",", Talegaon Dabhade",0,0
4,Value-for-money,"Overall, 8/10.","Jun, 2020",", Siliguri",0,0
5,Simply awesome,Very nice product. I gifted this to my brother on his birthday and he is really happy with the output of it. Thanks Flipkart,"Jun, 2020",", Thane",0,0
5,Just wow!,"Writing this review after using this headphone completely for 5 months. It was delivered to me on 1st Jan and till now it is in very good condition. The bass, volume, sound quality, wire quality everything is very very very good. Happy with boAt BassHeads 100 Wired Headset..Thanks Flipcart for selling such a good product...","May, 2020",", Patiala",0,0
5,Just wow!,Delivery of this product take much time But delivery boy was good he took precautions before giving this product to me and about the product I will say #AWESOME You must buy this the sound quality is good and the bass is superb This earphones make the sound clear and detailed. But Flipkart should give fast delivery.,"May, 2020",", Kolkata",0,0
5,Simply awesome,"It is good in sound, design & Body. #boAt‚ô•Thanks.","May, 2020",", Raigarh District",0,0
5,Terrific purchase,"It is just arrived now(01/06/2020), I ordered on 31/05/2020_shows quick & proper delivery of goods. ","May, 2020",", Navi Mumbai",0,0
5,Brilliant,Thanks Flipkart for such a good service.,"May, 2020",", Bidhan Nagar",0,0
4,Value-for-money,Everything is good with this earphone. But there are few draw backs as well for example I tried this with MI and SAMSUNG AND OPPO. among them it worked very good with MI only..,"May, 2020",", Noida",0,0
4,Really Nice,"Pretty instrumental device. Good quality sound. Listening to ASMR is just stunning. Just a month old to me, can't comment on its durability right now.","Apr, 2020",", Kolkata",0,0
5,Awesome,"Good sound quality, best build design, volume and bass is good...... Flipkart service is better in other shopping companies.... thank you Flipkart","Apr, 2020",", Ahmadnagar District",0,0
4,Good quality product,Good one in this price range@400.,"Mar, 2020",", Nizamabad District",0,0
4,Really Nice,"Really liked the sound quality, material could be much better but overall nice one from boat","Mar, 2020",", Chennai",0,0
5,Simply awesome,A well Balanced Design with good sound quality with balanced bass.,"Mar, 2020",", Tnpl Pugalur",0,0
5,Must buy!,Stylish and comfortable to wear. Isolates the sound very well from external noise. Sound quality is good which is worthy at this price range. Highly recommended.,"Mar, 2020",", Ahmedabad",0,1
4,Very Good,So So so good and very best base... and wire quality is a best of all . i like this eaephone ‚ô•Ô∏è‚ô•Ô∏è,"Mar, 2020",", Aurangabad",0,0
4,Delightful,Best quality. Company service is good. Worth for money. I'm really happy with this product. Nice product.,"Mar, 2020",", Chak Kanthalia",0,0
5,Wonderful,All Good but the bass is too low I suggest you to buy for this super smooth bass and sound quality.,"Mar, 2020",", Chennai",0,0
5,Great product,Awesome product I like it best quality bass sound design amazing worth for price,"Jun, 2020",", Pune",0,0
5,Worth every penny,Nice budget earphones to buy.,"Jun, 2020",", Noida",0,0
4,Really Nice,Wire seems to be quite delicate so i bought a earphones case to protect this.,"Jun, 2020",", Alwar",0,0
5,Best in the market!,Overall sound quality is best in class.,"Jun, 2020",", Dubrajpur",0,0
5,Brilliant,Go for it.,"Jun, 2020",", Vuyyuru",0,0
5,Brilliant,"Very well product üëç go for it without hesitation. The bass of this headset is not that much boasted, although good bass and very well sound quality. In this range üí™ boat is offering a very good deal. Don't miss it.","Jun, 2020",", Pattambi",0,0
4,Pretty good,I cant believe the price and the sound and quality of this product.. Actually i m boat lover always.. This is my 3rd one.... I have already rokerzz 255 pro.. Basshead 220..but u cant believe this the sound of this price range.. 1st i compaired betwwen rokerzz255 pro vs this one.. I was shocked...... Then i realize that both r gd..but The 255 pro much better.. Oviously bcz of price dfrns.. this is amezing quality and amezing sound..... I love this family... 400 rs.. Just speechless fav hdph......,"Jun, 2020",", Kottayam District",0,0
4,Really Nice,This the best earphones at this price if u r less on money u can buy this these are best and most durable earphones at this price point really enjoying it with heavy usage they are good at ears no pain or irritation they fit very nicelyüëçüëç value for money product,"Jun, 2020",", Hassan",0,1
4,Really Nice,Best earphone I had used ever,"Jun, 2020",", Jalandhar",0,2
5,Very Good product,The sound quality is just mindblowing,"Jun, 2020",", Mumbai",0,0
5,Brilliant,It's really a very very very nice product ,"Mar, 2020",", Puri",0,0
5,Fabulous!,I mean in this price I don't think anything else can be much better than this one... ,"Mar, 2020",", Bhubaneswar",0,0
5,Terrific,So I must recommend you guys to purchase it‚ù§,"Mar, 2020",", Nagpur",0,0
4,Wonderful,I am using it since 7months and till now it's absolutely fine.... I am sure that it will work well longer,"Mar, 2020",", Trichy",0,0
5,Highly recommended,good quality and good product ..i'm so happy thank you flipkart..,"Mar, 2020",", Kulathummal",0,0
5,Great product,"I guess its really durable, as far as mine one is considered...I stretched it many times. Its 3 month of rough use (rough means really rough), sometimes i thought it won't work now but still its working. So according to it was a good buy i won't compare with others in the range bcoz i haven't used. Its design slightly irritates when you are sleepy and on the pillow your put your head on any one side, that time it hurts slightly but for me its totally ok bcoz it looks cool otherwise. And final...","Mar, 2020",", Mohali",0,0
5,Worth every penny,Good product. Bass OK. Good sound quality and cables. boAt is best in audio. Expect good service also..,"Mar, 2020",", Udaipur",0,0
4,Value-for-money,The earphone are great ,"Mar, 2020",", Mumbai",0,0
3,Does the job,The response is great the sound quality and bass is best in this price range  ,"Feb, 2020",", Nagaon District",0,0
5,Great product,Looks could be more improved as that sharp ends of earphone sometimes jet little pricky when u remove them ,"Feb, 2020",", Bhadrachalam",0,0
4,Good quality product,Sound and bass quality is incredible ...but I think it's built quality should be better . It's wire   s are very thin . Look also not much good .,"Jun, 2020",", Khandela",0,0
4,Delightful,Best buy in such price tag buying for 3rd time from boat. As expected. Nice sound quality. Just one issue. The spare buds are not at all adjusting in any of them other than that it's a good product.,"Jun, 2020",", New Delhi",0,0
3,Good,The product is good in this price range. Sound is perfect and clear ans bass is not up to mark but considering price range it is justified. And the reason of giving 3 star is delivery by flipkart they take 7 days to diliver these earphones,"Jun, 2020",", Greater Noida",0,0
4,Very Good,Just no talk about its quality of this ear phone . Sound is absolutely clear . And bass is also good . One can buy without any hesitation ....!!! ,"Jun, 2020",", South Twenty Four Parganas District",0,0
5,Simply awesome," But delivery is very delay of this product . I have got it after 2 day of promise day , mentioned by seller . But the delivery boy's behaviour is very good .","Jun, 2020",", Nagpur",0,0
5,Super!,Good build quality.,"Jun, 2020",", Kalyan",0,0
5,Awesome,Wire is good will last long.,"Jun, 2020",", Shillong",0,0
4,Worth the money,Sound full of Bass....good at this price point.,"Jun, 2020",", Solapur District",0,0
4,Nice product,Call quality was fine for me.,"Jun, 2020",", Gautam Buddha Nagar",0,0
5,Must buy!,Battery consumption will check n edit the review with details.,"Jun, 2020",", Nebadhai Duttapukur",0,0
5,Awesome,"Very nice product.. Really loved it.. I recommend all to try this once.. I am sure you all will love it. Nice sound quality, nice and deep base. Owsomeüòçüòçüòç","May, 2020",", Varanasi",0,0
4,Wonderful,Everything in this headset is good but who buy this product for good bass will be disappointed for a neutral good sound and frequency u can buy this..... The build is good but the ear buds are made up of plastic so i this that dont have a long life it will be known on using ...... 1 year warranty is given so no problem at all.... Best budget earphones for music lovers,"May, 2020",", Madhurawada",0,0
5,Classy product,"It has good bass and it's very comfortable for ear.., design is fabulous.., and in very low price uh get best product..!","May, 2020",", Aurangabad",0,0
5,Fabulous!,"Awesome. Don't think much more. Just go for it. Awesome product. Nice built in quality. Clear bit. Nice bass...... Trust me, in this price you will not get such a good product. So, Buy it....","May, 2020",", Jalgaon",0,0
5,Just wow!,It fits perfectly in my ear. Best in this budget. Sound quality is very good. Crystal clear sound with balance Bass. Go for it.üí™üèº,"May, 2020",", Kolkata",0,0
4,Nice product,I have ordered this to my gf ,"May, 2020",", Uran Islampur",0,0
5,Terrific,And she loved it ,"May, 2020",", New Delhi",0,0
5,Simply awesome,She is so happy ,"May, 2020",", Bodh Gaya",0,0
5,Brilliant,It's a best gift for leadies don't think twice before you buy this ,"May, 2020",", Tirupathur Vellore District",0,0
5,Simply awesome,And the specially pink colour ,"May, 2020",", Dibrugarh",0,0
4,Very Good,Nice quality in its price. Sound quality is good but bass is not up to the mark .But still it is recommended to buy.,"Jun, 2020",", Habra",0,0
5,Worth every penny,"Nice bass , good sound quality that is why I always prefer boat. last time it was also fantastic,","Jun, 2020",", Bangalore",0,0
5,Highly recommended,"Over all it was good, thank you","Jun, 2020",", Wayanad District",0,0
5,Great product,It's an one of the best product from boAt  it is valuable ,"Jun, 2020",", Kolkata",0,0
5,Perfect product!,For this rate below 400/- i am impressed i prefer to you to buy,"Jun, 2020",", S Nallur",0,0
3,Just okay,Awesome simple awesome sound quality very very happy with the product best earphone in this price range,"Jun, 2020",", New Delhi",0,0
4,Very Good,"Ossum good sound quality, super bass, excellent structure, simply superb, just ossum. It is not fits in the ear on the beginning and then after practice it fits perfectly","Jun, 2020",", Ghaziabad",0,0
5,Classy product,Low bass good for those who is not a big fan of bass. Vocals are very clear and sound is good in this price range. Wire quality is also very good.,"Jun, 2020",", Nagpur",0,0
5,Mind-blowing purchase,Nice product with the price tag it comes. Sound is clear though doesn't have really deep bass but that can't be expected at this price. If looking to have good ones which delivers great against their price then surely consider them buyingüëçüíØ,"Jun, 2020",", Lucknow",0,0
5,Just wow!,It's one of the worth the price product I have purchased from fk. U should definitely go for this wired earphones if u are looking for good product in cheap price. It's definitely the worth the price product. They also give one more pair of ear buds. The design and the structure of the product is also mind-blowing and the sound quality is also great. If u want to buy a boats product u can definitely go for this one.,"Jun, 2020",", Dausa District",0,0
3,Good,Olson nice prodect    .   boat  is amazing  i love it      . nice  bass  .  but build quality is  down .,"Jun, 2020",", Pathanamthitta District",0,0
5,Best in the market!,alwise nice .üáÆüá≥üáÆüá≥,"Jun, 2020",", Pune",0,0
4,Worth the money,Bought this for my girlfriend on her birthday perfect gift she loved it. Works great. Absolutely worth it. Definitely a buy.,"Jun, 2020",", Kanpur",0,0
5,Terrific purchase,Good product ...,"Jun, 2020",", Patna",0,0
5,Awesome,Sound quality is good. Clr and design are so good I love it and also length of lead is so good .... all over nice product ...I got it yesterday ....good product in affordable price ....üôÇüôÇüôÇ,"Jun, 2020",", Konnagar",0,0
3,Decent product,They Are just osm . No less than Jbl vocal and both are in balanced . Clear sound even at higest volume .and its pitty good loud too . Totally satisfied at the price .,"Jun, 2020",", Visakhapatnam",0,0
4,Very Good,"The headphone is best under 500rs and i am quite impressed by the sound quality, great for playing pubg and also for listening to music..also the bass is good and ultimately It is worth buying ,i  have used it for a week and then giving my opinion based on my experience..u can go for it without thinking twice..good luck","Jun, 2020",", Kanniyakumari District",0,0
5,Excellent,Product was good good for just 2 months one of the head stopped working now  not that worthy,"Jun, 2020",", Dhule",0,0
5,Fabulous!,Its a nice budget friendly headset from boat. But there is no bass effect in this. The look is stylish. You can use it for a clear audio and not for a powerful bass effect.,"Jun, 2020",", Banswara District",0,0
5,Excellent,Terrific product This is the great purchase in that great price so if you want listen crystal clear voice then you are definitely go to for it thank you filpkart,"Jun, 2020",", Panihati",0,0
4,Good quality product,This is why I love boat stuffs. As they try to put everything to make the sound quality great and to make it a genuine experience in a very affordable price. I always get impressed by their stuffs. I have headphones and earphones both of boat and both are very amazing,"Jun, 2020",", Dhanbad",0,0
5,Worth every penny,"This one is my second pair, gifted to my wife. The first pair lasted more than 2 years and is still doing good. Excellent quality. I wud never go for battery based bluetooth as these last lifelong and are cheaper .","Jun, 2020",", Kanpur",0,0
5,Just wow!,Superb Quality at this Price Range... Yess Bass is A Little less than i expected... But it gives a Solid Crisp Sound.,"Jun, 2020",", Sasaram",0,0
5,Terrific purchase,Its good but just the upper side of the wire is pretty much weak. Otherwise its great nice to hear wd it,"Jun, 2020",", Aurangabad",0,0
4,Pretty good,It is a good product if you see by the design.,"Jun, 2020",", Bhubaneswar",0,0
5,Simply awesome,But I feel it is not that loud in crowdy places. I used it while I was travelling via train and the sound was not much audible. ,"Jun, 2020",", Malaut",0,0
2,Slightly disappointed,Again the ear piece wires are a little bit thin. ,"Jun, 2020",", Kolkata",0,1
3,Nice,So there are chances of tearing. But that has never happened to me. ,"Jun, 2020",", Bengaluru",0,0
5,Best in the market!,Bass is not excellent but of average. ,"Jun, 2020",", Kottayam District",0,0
4,Good choice,I am using this product for a year. And I found no serious problems.,"Jun, 2020",", Karimnagar",0,0
5,Fabulous!,Very good product bye boat..,"Jun, 2020",", Yamunanagar",0,0
5,Perfect product!,It has very good base and sound quality is also good ,"Jun, 2020",", Lucknow",0,0
4,Value-for-money,I love it...‚ù§Ô∏è,"Jun, 2020",", Vashind",0,0
5,Highly recommended,"Superb sound quality with great bass and clear sound even in full volume ,the great experience, ","Jun, 2020",", Berhampore",0,0
3,Does the job,Go for it if u want Loudness n good bass üëåüëå,"Jun, 2020",", Kolkata",0,0
4,Very Good,The Sound is very crystal clear in this price range but will be a bit pricky in the ear .Design wise its good but handle with care otherwise one side will surely stop working .Mic is also perfect.,"Jun, 2020",", Mubarakpur",0,0
5,Best in the market!,"very beautiful or affordable product in cheap range, beautiful sound quality, amazing looking... I love it ‚ù§","Jun, 2020",", Dehradun",0,0
4,Good choice,The headphones worked very well for the first few months and then the mic suddenly stopped working and after fee days the right plug stopped working. The first 7 months it worked so well but then it started giving distorted sounds. I had high expectations from this product.,"Jun, 2020",", New Delhi",0,0
5,Super!,"I bought it for my uncle and he is very satisfied with the product. Build quality is good, sound clarity and bass is good too. The best wired earphones at this price range I guess.","Jun, 2020",", Arambag",0,0
5,Best in the market!,"Good product.. but bass is not like wings and Philip's earphones...try wings wireless neck band...mast hei...as I hv wings,Philip's,Intex and now boat in comparison to all wings is best then Philip's and intex and last boat","Jun, 2020",", Thrissur District",0,0
3,Does the job,"Just good and decent earphones. Build quality is good. Somehow, I liked the Mi basic earphones to be more rich in sound and bass.","Jul, 2020",", New Delhi",0,0
5,Perfect product!,Good product Thank you Flipkart fast delivery Thank a lot,"Jul, 2020",", Madhubani District",0,0
5,Excellent,"At a price range of 375-399 it is the the best anyone can get..i bought it for 375.. its good for Every purpose in terms of erphones but For Games like PUBG ,Fortnite, better spend atleast 200 more to get an earphones with better Soundsense for left/right differentiation. Its is excellent choice in this price bracket.","Jul, 2020",", New Delhi",0,0
4,Wonderful,"1st day review : This sounds amazing.....Good bass and for such a cost, You will not be disappointed...I brought it, tested it with some songs and i can clearly hear the song...The product is good...Lets see what happens in future....","Jul, 2020",", Maldah District",0,0
5,Just wow!,1 week review : The mic is amazing ...,"Jul, 2020",", Bhubaneswar",0,0
5,Terrific,The receiver has no trouble to listen what i say from the mic during calls...It is still giving good bass.. I can say to anyone that this is the best earphones under 500/-.,"Jul, 2020",", Bengaluru",0,0
5,Highly recommended,It is good for regular use but the bass is not that great...still the product is a good one and worth the money,"Jul, 2020",", Rangareddy District",0,0
5,Highly recommended,I am so much satisfied of this product.best bass . sound is awesome üòäüòä thank you so much ‚ù§Ô∏è,"Jul, 2020",", Cuttack",0,0
5,Classy product,In love with the fiery red smart unit... The bass is awesome on ears....,"Jul, 2020",", Mumbai",0,0
3,Good,"Nice ear phone , ordered for my wife","Jul, 2020",", Mumbai",0,0
4,Delightful,Why are you Flipkart guys asking me about Battery life have you lost it?,"Jun, 2020",", Barrackpore",0,0
5,Simply awesome,Anyways coming to review:,"Jun, 2020",", Wardha",0,0
5,Mind-blowing purchase,Pros,"Jun, 2020",", Kolkata",0,0
5,Simply awesome,1. Crispy clear sound,"Jun, 2020",", Thiruvananthapuram District",0,0
5,Great product,2. Great for music and streaming.,"Jun, 2020",", Mumbai",0,0
5,Super!,3. Great for calls.,"Jun, 2020",", Ghaziabad",0,0
4,Good choice,Cons,"Jun, 2020",", Navi Mumbai",0,0
4,Nice product,1. Bass is good but because of plastic body it's misses boom effect. It's bass is more like baam.,"Jun, 2020",", Barasat",0,0
5,Highly recommended,"2. If you're thinking of gaming like playing pubg on this then forget it, infact punish yourself by Unistalling pubg because your thinking is lika a noob you won't make any better.","Jun, 2020",", Mulamthuruthy",0,0
4,Value-for-money,3. Clip kyu kha gaye ek hi toh ty...,"Jun, 2020",", Ghaziabad",0,0
5,Simply awesome,"This is a super headset with amazing quality,more affordable,I love this brand,it's truly worth for the money ,the sound effect is amazing,the packaging was supr, there is no any irritation the drawback is ,right side is only suitable for right ear","Jul, 2020",", Ernakulam",0,0
5,Terrific purchase,Sound quality is awesome . Cool handy design  with incredible sonic clarity sound with extra bass. üñ§,"Jul, 2020",", Varanasi,",0,1
5,Excellent,"Personally I love Boat Earphones.. The service is so quick and the Brand is trustworthy... However, there is only one Service center is available to avail the Warranty in Jogeshwari, Mumbai. This Boat BassHead 100 is Cheapest Earphones of Boat And The Quality is Superb..Go for it","Jul, 2020",", Thane",0,0
5,Excellent,"Super hot Headphone..!!! Just got in 399/-, thank you flipkart.","Jul, 2020",", Hyderabad",0,0
5,Mind-blowing purchase,Fastest delivery it's within 2 days. Just try it you will like it,"Jul, 2020",", Dakshina Kannada District",0,0
5,Fabulous!,Its name was bassHead 100 but the bass was little bit low,"Jul, 2020",", Kochi",0,0
5,Simply awesome, you have to improve bass ,"Jul, 2020",", Mumbai",0,0
4,Delightful,    Thank You.... ,"Jul, 2020",", Ballia",0,0
5,Best in the market!,     Satisfied,"Jul, 2020",", Bandipur",0,0
4,Delightful,good audio quality. stylish finish. good material. this is a good value for money buy. go for it.,"Jun, 2020",", Kochi",0,0
5,Super!,"I loved this headset , crystal clear sound bass is awesome ","Jun, 2020",", Kharagpur",1,2
5,Highly recommended,I love boat wonderful headset üòò  ,"May, 2020",", Burdwan",1,2
4,Good quality product,Thank you flipkart,"Jul, 2019",", Kolkata",1,1
3,Good,But 1 thing it takes 5 long days to deliver the product .,"May, 2019",", Sandila",1,1
5,Simply awesome,Overall awesome product  5/5,"Apr, 2019",", Harohalli Industrial Area",1,1
5,Classy product,Product quality is awesome ..sound abd base quality is great at this price. I'm very happy with that.. delivery experience is great before date delivered,"Mar, 2019",", Bhubaneswar",1,1
5,Classy product,"I have been using this product for over 6 months now and it is working great, Crystal clear sound both through speaker and mic. The only reason I have not given 5 stars is because the bass is not too good. Otherwise I would recommend this product and say that it is worth it.","Aug, 2018",", Patna",1,1
3,Just okay,"very less bass with comparable to my MI earphone basic bought in same range, but vocal clarity is best in boat. overall decent gift for my wife.","Jan, 2018",", Kannur",1,1
5,Great product,"I used this product for five months, and then its jack was not working. So requested for a return/repair to boAt customer care. Trust me guys, their service is too good and I received a new one. ","May, 2019",", Coimbatore",1,2
5,Terrific purchase,Thanks to boAt for such wonderful product and service.,"Nov, 2019",", Kalyan",1,4
4,Good quality product,Nice headphones supper sound and good bass and also thanks to flipkart for the fast delivery iam happy with this headphone,"May, 2019",", Sibsagar",1,0
5,Wonderful,i had cx180 for like 3.5 years ..not better than cx180 but great at this price point.value for money item,"May, 2019",", Jaipur",1,0
5,Awesome,"Awesome Product ! Specialy Bass. Fits Very Well. Light Weight. I think this is the best quality earphone in this range. Thanks to Flipkart for the Fastest Delivery , it arrived at just 20 hours ! Sound Quality is Very Well !","Nov, 2018",", Berhampore",1,0
5,Excellent,Awesome product . Value for money. It has one year warranty so users have to register themselves in the BOAT  website about their product issue date and details of invoice should be uploaded. sound quality and microphone is best and wire seems to be tangible and is of good quality. Want good and long lasting product at better price then go for it to buy.,"Oct, 2018",", Puri",1,0
4,Pretty good,"design is best in class.sound quality is exceptional , although bass is a little high but if u r a musichead ur gonna love itüòçüòç.   ","Aug, 2018",", Alappuzha",1,1
1,Hated it!,delivery is fast,"Jan, 2020",", Agra",2,9
5,Super!,"This is not good product , I was also using previous ear phone that was too good but this ear phone wire is very thin , this is bad in quality only in wire by the way sound quality is good and base quality is also very good","May, 2020",", Mumbai",2,4
3,Does the job,Superb product against the price whats attract is the price and design and the amazing sound quality worth the price but quality should improve little,9 months ago,", Gurugram",1,2
3,Nice,"Sound is very loud, crisp, clear and very balanced but bass is very low. This is not expected from brand like boat which known for bass quality.","Jan, 2021",", Bangalore",1,1
2,Moderate,"Design not so good, as not handy sharp cone and layered cone not so good.","Jun, 2020",", Guwahati",1,1
4,Good choice,"Earphone is good,  I like the soft pink girly color,  bass and sound quality is good but didn't like one thing... It doesn't fit properly in my ears.. Keep . falling.. This is  irritating.. Over all good product coz it has one limitation.. Thank you ekart and flipkart for providing these kinds of products when going market can be life threatening","Jun, 2020",", Gautam Buddha Nagar",1,0
5,Terrific purchase,I purchased this product a very long time ago. At that time I got more pairs of extra ear tips and the wire is also so tangle free. But now this in this product I got only two pairs and the wire quality is not so good and it is just above par. The sound quality is good as well as bass. The two cables after the dissection from microphone looks very thin and make to feel I should take care about them while I use.,"Jun, 2020",", Guntur District",1,0
5,Mind-blowing purchase,The earphone are Matt colours and looks very premium. The bass quality is good as compared to various earphones which comes in the same prices . I got it for 384 /- which I think was a great deal !! Thank you Flipkart . The delivery was way before time .,"Jun, 2020",", Lucknow",1,0
5,Excellent,The earphones of boat is always works great but this model at this price is very awesome all the things in it is very good the mike is also very good.....üëç,"Jun, 2020",", Kalyan",1,0
5,Must buy!,This product is very awesome....... It has very good sound quality as well as a quite good bass quality and it has 1 year of warranty + 4 extra ear buds so I don't think that there's any type of problem in it........ Its very good ‚úå‚úå‚úå‚úå‚úå,"Jun, 2020",", Etah",1,1
5,Awesome,Awesome and wonderful earphone in a good price range sound and base is awesome,"May, 2020",", Mumbai",1,0
5,Terrific,Good to hear clear Sound & Neat Bass. We should use Self mobile Phone original music player then will get clear Sound & Maintain Same Quality..,"May, 2020",", Bengaluru",1,0
5,Super!,Good Headphones to buy this brand...,"May, 2020",", Vizianagaram",1,0
5,Worth every penny,THANKING YOU,"May, 2020",", Bengaluru",1,0
4,Good choice,I like this boat earphones and sound quality is very good I bought  pink colour I like the colour very much according to the price its very gud,"May, 2020",", Srinivaspur",1,0
3,Fair,"its a good product , its sound quality is good but bass is okay ...if you have audio systm setting in mobile then you will have a good audio by changing its treble and bass .. ITS WORTH FOR 354 RUPEES","Sep, 2019",", New Delhi",1,0
5,Terrific,The sound is good and clear at this price range. Design is unique and is compatible with iPhones as well üëç,"Sep, 2019",", Indore",1,0
4,Good choice,"Sound quality is good , but it has low bass .. so if you love bass don't buy it otherwise the product is good ...","Aug, 2019",", Kurukshetra",1,0
5,Awesome,I had this earphones and it worked for 10 months and after that it stop working .. but if you will handle it with care then surely it will last for 1-2 years ..,"Aug, 2019",", Patna District",1,1
5,Simply awesome,I love the sound.  Thanks flipkart for selling such an amazing product in such a reasonable price. I am so happy with the product.,"Jul, 2019",", Tirupati",1,0
5,Super!,simply super excellent smooth bass when compared to boat 225  best budget earphones in the market,"Jun, 2019",", Kolkata",0,1
5,Mind-blowing purchase,Great product worth the money .,"May, 2019",", Vadodara",1,0
5,Must buy!,comes with 1 year warranty card..,"May, 2019",", Kalyan",1,0
5,Best in the market!,i would suggest others fr this pocket friendly and worth the money buy?,"May, 2019",", Mumbai",1,0
5,Terrific purchase,"Excellent Headset, Good sound quality with crystal clear noise free sound. Bass quality is great.. overall great product.","May, 2019",", New Delhi",1,0
1,Terrible product,Not good product sound quality average bass is good I recommend to sennsizer CX 180 For Bass Lover n sound quality,"Dec, 2018",", Sanjan",0,4
1,Hated it!,delivery is done within 2 days but product is not at all good .its just a simple earphone which is stylish that's all thank u flipkart,"Jun, 2018",", Udupi",0,5
4,Pretty good,Awesome product by boatahead. I used this headphone and I feel  very peacefully sound and glorious sound track because I am music lover,"Sep, 2021",", Patna",0,1
3,Good,The upper part  are quite small and sometimes it's irritating as they are not  comfortably fit in the ear,"Aug, 2021",", Jammu",0,0
5,Awesome,Sound quality is good and build quality is okeyish,"May, 2021",", Pune",0,1
3,Nice,if you increase your budget go for boat bassheads 152,"May, 2021",", Patna",0,1
5,Fabulous!,They are extremely good nice build quality awesome sound and gold plated jack with l shaped .,"May, 2021",", Chitrakoot District",0,1
4,Delightful,"Fabulous purchase... Primarily it seems made of delicate material but once you plug and play it finds amazing... Perfect budget earphones from reliable company like boAt... It fits very easily and perfect in ears and is a good experience without any weight or fear of removal from ear... Wires are bit delicate but sound quality, base is just wowww... Plus one year of warranty gives you mental peace that headphones from pioneer company like boAt will definitely last longer than others. Smooth a...","Jul, 2020",", Pune District",0,0
5,Simply awesome,"Where's the bass? Seriously no bass is provided. But it is super comfortable like you can watch lectures upto 8,9 hours without any pain in the ears. More or less it is best for watching lectures but if you are a bass lover ..Please don't go for it ..otherwise it is super comfortable.üòÅ","Jul, 2020",", Dehradun",0,0
3,Good,"Sound quality is very nice and design in the earphone that is so awesome , and Color is also better and base  WOW üò≤üò≤üò≤","Jul, 2020",", Azamgarh",0,0
4,Good choice,"After 10 month i m writing review regarding boAt BassHeads 100 Wired Headset. I have use lots of headset in the range of 250-500, most of them are enough good and last for 8 months.","May, 2020",", Thekashu Pt Ii",1,0
5,Just wow!,"This product gave me lots of satisfaction. 6month after purchase i claimed for warranty, the product is been replaced within few days and the preformance is is better than i used the products earlier. So you can trust this product.","Mar, 2020",", Ahmedabad",1,0
5,Excellent,"Very good clarity, bass is also very good.Good sound quality good strength wire quality overall nice product.Most affordable and best value for money no doubt.","Mar, 2020",", Bhilai",1,0
5,Super!,"I got this product in 340 only , this is much better then the other 500+ products having good sound quality & mic is also very good as i can talk in loud also. BOAT is making such a reliable product. Must buy.","Jan, 2020",", Kolkata",0,1
3,Nice,"Amazing , fabulous product in this range,and design is super cool","Dec, 2019",", Muvattupuzha",1,0
4,Pretty good,"Good 4 gaming,it has a good BasS compair to others,  ear phones...,but at this price range there are many other good ear phoneZ...i bought @419....the delivery was perfect....","Dec, 2019",", Latur",1,0
5,Great product,Quality is good. Bass is quite good but u can increase from equalizer. Good for listening music but not recommended for PUBG. Left and right sound like footprints and firing sound is not clear n differentiative.,"Dec, 2019",", Iriveri",1,0
5,Excellent,"Best design ,perfect fit in ear, mic is good and the sound quality is nice.but bass is average in my opinion. One of the best headset in this price segment","Dec, 2019",", Secunderabad",1,0
5,Highly recommended,download equalizer  fx  and   on super bass (and switch on the bass boost) then see the magic .you can get the wonderful bass experience.,"Nov, 2019",", Thanjavur",1,1
5,Terrific purchase,my favorite .... I am using boat headphone last 5 year .its good recommend this one ...,"Nov, 2019",", Bengaluru",0,0
1,Hated it!,"it's not good as Sony or Sennheiser headphones if you want a basic headphones not so good to hear music ,to recieve calls it will be a best option for hands free other wise don't buy it for music purpose , my ears got pain after I used it for 15 minutes","Aug, 2019",", Bengaluru",1,4
2,Moderate,Bassheads?? I don't think so. Loud but voice ia not clear at full sound or bass heavey. You can buy it for its great mic. Crystal ckear. If you talk too much on phine this is the one. Reviewed on my youtube channel Traveltech FUN make you decesion as per your preference. Not for bass heavy music but for long clear chats.,"Dec, 2017",", Gurugram",1,3
5,Terrific,Good sound. Bass is great on hd music. Most importantly they are comfortable to the ears and have a good grip. Great buy in this budget.,"Nov, 2017",", Dombivli",2,3
4,Very Good,Good quality earphones....comes with 2 extra pairs of earbuds. Good sound quality and value for money.,"Mar, 2021",", Vasai Virar",1,0
5,Best in the market!,It comes with mic so u can use it for concalls.,"Mar, 2021",", Bansberia",1,0
5,Terrific purchase,Only thing I did not like is - Its wire quality is not flexible.,"Jan, 2021",", Bareilly District",1,0
4,Nice product,Nice product!!! Great build quality and also great design!!! I am writing this review after many days of purchase!!! I had made many drop tests with the earphone but it worked well!!üòÖ very much satisfied!!!,"Jul, 2020",", Uttarpara Kotrung",1,0
5,Worth every penny,Best earphone and good customer service by boat they replaced my product at my door step as they promised us one year warranty thing is that after four months my earphones one side not working so raise the complaint on boat website and they replaced my product on their replacement TAT with assurance so now I got again brand new boat earphones I'm happy with boat service.,"Jul, 2020",", Kaiparamba",1,0
5,Excellent,Thanks,"Jul, 2020",", Navi Mumbai",1,0
4,Really Nice,"This earphones are great at this price in terms of sound clarity and quality. Nothing extra pure clear audio. Same quality is delivered at double to triple of this price by other brands. Now coming to cons and drawbacks. I am giving you my example. I bought it ,one side stopped working in 11 months it was under warranty so got replaced by a new one with 0 charges ,the replaced none stopped working after 18 months. ","Jul, 2020",", Kulathummal",1,0
4,Pretty good,would recommend very good built quality and also the bass is good more over at this price it's really amazing I would say,"Jun, 2019",", Hyderabad",1,0
5,Worth every penny,Awesome Earplugs.. Bass is Very Good .. and The Sound Quality is too good .. Worth to buy it ..,"Oct, 2018",", Ghaziabad",1,0
5,Excellent,"Great Experience..the sound output is good may differ from phn2phn, i hav nokia device this boat works well in it. For great bass use wynk music select headphones in equalizer.","Aug, 2019",", Lucknow",3,2
4,Very Good,"Honestly speaking, u cannot expect anything more in this price range. Though the bass is a little low and quality of sound is not the best but it gets the work done for me. Songs are enjoyable and gameplay is nice. The mic position is a little low so i have to raise it everytime i speak to someone which is kind of annoying.","Jul, 2020",", Ballia",3,4
4,Very Good,in 400 price superb earphone bass is better and sound quality is better but jbl sound is better than it.,"Jun, 2020",", New Delhi",2,4
1,Very poor,"Packageing very cute,for gifting, small waranty card  earphone quit good sound quality good and fast and early delivery which is good experince with flipkart all amazing experince , i use this and give the feedback sound is good base is not good and this time it has problem after 3 month , no voice come so quality is not good you can buy real me earphon which is good","Jun, 2020",", New Delhi",11,30
5,Worth every penny,"Amazing earphone in this price range , awesome built and dynamic bass clears the sound and give us an home theatre type sound","Jan, 2020",", Mumbai",2,2
4,Really Nice,earphones are may be suitable for most types of mobiles and is superb sound clarity and bass is good,"Nov, 2018",", Draksharamam",2,1
1,Terrible product,These are the best budget friendly earphone in this segment the sound is not extremely good but good considering the price and obviously the one year warranty from boat is the best partüëç,"Feb, 2020",", Kolkata",2,7
2,Expected a better product,along with this i ordered boult storm...its quality is far better than this...the wire quality is not that good and often tangles are formed...sound precison and quality is not good.. if u get boult at the same price go for it ...dont just rely on the brand name ...i assure that boult is far better than boat,"Sep, 2019",", Burdwan",3,7
4,Delightful,This product name is Bassheads.. but the quality of bass is minimum.. this product sounds like  when you set the music system to bass low and treble high.... ,"Sep, 2020",", Thiruvananthapuram",1,0
5,Excellent,Good value for money product. ,"Aug, 2020",", Dhone",1,0
5,Brilliant,Don't expect good quality bass like in other boAt productsü§óü§ó,"Jul, 2020",", Balangir District",1,0
5,Great product,Good sound good bass super strong üí™ ear phonea,"Jun, 2020",", Kolkata",1,0
2,Expected a better product,I gifted to my girlfriend....she loving it,"Feb, 2020",", Thiruvananthapuram District",0,0
5,Terrific purchase,.. & I order the same but black colored earphone as well for me & it sound is very good.... For style 100% recommended,"Jan, 2020",", Allahabad",1,0
4,Pretty good,It is very good product best part after using 6 month I dmage the products due to my negligence and contact to customer care they pick my product from my house in covid period and replace my headset with a neew one... I just love the brand boat...,"Jan, 2020",", Chennai",1,0
5,Just wow!,I am happy with the design and colour. But the Mike quality is a bit compromised.could have been better.anyway better or best for this amount,"Jan, 2020",", Guntakal",1,0
4,Good quality product,"What a clarity of sound,much better than my boat 225 which has excess bass,this earphone has proper bass with amazing sound quality also just go for it","Dec, 2019",", Navi Mumbai",1,0
4,Value-for-money,Such an awesome bass/sound quality. Perfect fit enough of speaker. Loved it üòç,"Oct, 2019",", Kolkata",1,0
4,Nice product,1.very comfortable in ear ,7 months ago,", Malpura",1,0
5,Great product,2.primium like s 4-5k product,9 months ago,", New Town",1,0
4,Worth the money,3.wires are very weak be careful,9 months ago,", Raipur",1,0
4,Worth the money,4.bass is average not like as promised very disappointed,"May, 2022",", Kadungalloor",1,0
5,Simply awesome,5.sound is very clear,"Apr, 2022",", Purba Bardhaman District",0,0
4,Really Nice,Really a nice earphone.. It's very much suitable for those people who love Bass of music.. Sound is clear enough at this price.. Difficult to match with any other earphone at this price range..,"Jan, 2022",", Cuttack",0,0
2,Moderate,"I loved the product, all over it's perfect but remember if the price is more then 299 , then it's not good , wait for the sale of whatever but don't purchase it in more then 299","Oct, 2021",", Kottakal",0,0
5,Highly recommended,Very nice product.... ,"Jun, 2021",", Debipur",1,0
5,Highly recommended,If you love bass just go for it..,"Jan, 2021",", Pathanamthitta",1,0
3,Does the job,There no high range of bass for this price it worths...,"Dec, 2020",", Ernakulam",1,0
5,Excellent,"Sound & bass is balanced , ear bud's size is quiet good , earphone lead lenth is sufficient , earbuds outer design is extra ordinarily .2 set of buds are in bonus , which is a plus point to purchase this product .delivery is too fast & whishman behaviour was do good .He followed all the safety precaution of CORONA just like mask & social distancing etc. Thanks flipcart for this lovely product in reasonable price & ekart for its nice delivery .","May, 2020",", Jhansi",2,1
5,Classy product,This stuff is Awesome I had buy this for my mum it works cool excellent,"Dec, 2019",", Pune",2,0
5,Worth every penny,"very good üëçüòäüòò product, ","Nov, 2019",", Pune",2,1
5,Mind-blowing purchase,"sound quality is very nice , ","Sep, 2019",", Kolkata",2,1
2,Could be way better,"completely 4th months using then right review, nice head phones","Aug, 2019",", Siliguri",2,1
5,Classy product,Sound quality is super clear and it's just mind blowing üòçüòçüòç ,"Aug, 2019",", Navi Mumbai",2,1
5,Wonderful,If you love bass then it is perfect for you. It is good for talking also.,"Jun, 2019",", Siliguri",2,1
5,Excellent,If you are looking a stylish earphones than this product is made for you. It's bass quality isn't so good but when you listen at a low volume you will get a  good quality sound & lilttle bit of bass which is just fair to the price that you pay. But when you talk about the packaging it's impressive they deliver to you with a very safety processe that what is needed.,"Aug, 2018",", Bengaluru",2,0
5,Just wow!,best headphones . bass and clear crystal sound but only long lenth length of wire you have to adjust all the time but other wise go for it,"Apr, 2018",", Ahmedabad",2,0
5,Great product,color is good üëç.... sound clarity is good üëç.....at this price its superb....n delivery is also fast so thumbs up fr everything.....üëçüëçüëçüëç,2 months ago,", Dibrugarh",1,0
5,Must buy!,Awesome product by flipkart.... Delivered within 2days nd value of money... Also thnx to ekart for fast nd safe delivery .... Loved the product,"Apr, 2021",", Halisahar",3,2
5,Terrific purchase,Color is so pretty. Girly earphone. And durable. I have order it again as i used boat earphone black coloured for 1year and it‚Äôs still so good and I gifted that to my mom and ordered again this pink coloured boat earphone. Its so good. Worth the price. Just go for it. ‚ù§Ô∏è,"Jan, 2020",", Patna",3,1
5,Excellent,"Amazing product with superb quality and good base and clear call connectivity,, thank you Flipkart and superb seller","Nov, 2019",", Bengaluru",3,2
5,Best in the market!,Best head set on cheap rate,"Jan, 2018",", Coimbatore",11,23
5,Excellent,   Itz the one of best headset on the cheap rate. I have been reviewing after using for over a month. Best deep bass. Very gud performing in any equalizer. Comfortable in ear design wid long wires. Itz mic does an decent job. But don't hve the noice reduction for mic itz the only drawback,"May, 2021",", Chittoor District",2,1
4,Delightful,Excellent product üëå Awesome sound . Thanks you Flipkart for your prompt delivery with good quality product.,"Aug, 2020",", Kolkata",2,0
5,Super!,Thank you üòä ‚ù§Ô∏è so Much .,"Aug, 2020",", Howrah",2,0
5,Awesome,Well it's a more than good earpiece at this price range. Not for bass lovers. Vocals and instrumentals feels well balanced. You can feel the decent beats. Don't expect too much at this price point.,"Jun, 2020",", Rayagada Rayagada District",2,0
4,Pretty good,Use it with care otherwise it'll damage soon. ***personal experience***,"Jun, 2020",", New Town",2,1
5,Best in the market!,"Its a good earphone overall. It possesses a good design, but has extremely thin wires especially at the upper part, so one has to handle it carefully. Where it shines is the sound quality. Trust me it has the best possible bass output when compared to other earphones in the same price segment. But don't expect that it will give you the same sound quality as Rs2000 jbl or Skullcandy ones. This is fine for day to day usage but if you want to buy an earphone for solely listening to music then go...","Jun, 2020",", Katihar",2,1
5,Highly recommended,best headset I had ever seen.... nice sound quality and bass and best water proof headset.... I just put in water for 5hr but still it is good sound quality...,"Oct, 2019",", Coimbatore",3,1
5,Best in the market!,The best part of this headset is the noise cancelling... Other headset might require a high volume to get the hold of all beats... But this one is clearly the best in terms of bass and noise cancellation... Worth every penny,"Dec, 2018",", Vasai Virar",3,1
5,Best in the market!,It's a very good headset in this range...,"Aug, 2018",", Asansol",2,1
5,Mind-blowing purchase,"specially if you're looking for a headset with Extra bass, then it's the perfect choice..","Jun, 2019",", Anantapur District",4,2
1,Very poor,a little bend in the speaker position is make it a good fitted headset.... highly recommended ‚úåÔ∏è,"Feb, 2019",", Bengaluru",6,5
2,Expected a better product,it's amazing Headset by boAt and fast delivery by Flipkart with buying Flipkart by later.....and I am really happy with this by Flipkart,"Jan, 2020",", Tamluk",5,4
1,Worst experience ever!,I'm happy to buy this product because the bass is good but it won't perfectly sit in ear ..,"Feb, 2019",", Bahadurgarh",4,4
4,Nice product,these headphones are basic headphones... although it has a very good microphone and ...ear tips are so comfortable..but it's comes with only two sizes ...it doesn't comes with extra lagre size airtips..,"Dec, 2019",", Bengaluru",4,3
5,Wonderful,wire quality is good ...,"Sep, 2019",", Barasat",5,5
4,Value-for-money,also colour of the wire is very good..,9 months ago,", Salem",3,2
5,Super!,Nice product and sound quality best go to purchase ,"Mar, 2022",", Munger",2,0
3,Decent product, Quickly ,"Jun, 2021",", Thiruvananthapuram",2,0
5,Terrific purchase,      Value for money  I love it,"May, 2021",", Mathura",2,0
5,Excellent,This earphone is quite average. Everthings on a normal scale. Do not expect  great bass or crisp vocals. It can't handle when volume is fully up. If you are looking for a basic earphone this a good option at this price point. Its not great but its also not bad. It comes in between the two. The best thing I found about this model is its design and they are providing a decent inbuilt mic and a pouch with extra eartips at this low price. And there is decent support from boAt if you are facing so...,"Apr, 2021",", Kolkata",2,0
4,Really Nice,Best headphones. I can assure that these are better than the realme headphones and delivery of the product is so smooth and deliver before the expected date thanks to flipkart...,"Jun, 2020",", Visakhapatnam",2,0
5,Classy product,Very good earphones. Great bass and sound quality. Good for playing games on phone. Affordable price.,"Jun, 2020",", New Delhi",2,0
4,Really Nice,This is my second time ordering these headphones. The sound quality is good except when you're driving the noise cancellation is not to great extent. Apart from that very comfortable and durable,"Dec, 2019",", Panihati",2,0
5,Mind-blowing purchase,Excited to use. Delivery boy's behavior was extremely polite on call. Before time delivery by Flipkart even during Pandemic. Warranty card of 1 year was worth to see.,"Oct, 2019",", Muddebihal",2,0
1,Utterly Disappointed,"This product is good for listening songs and the bass quality is good but not up to the mark as I expected. But the design could be more better... But in all aspects review you can choose it ,the earphone is good","Jul, 2020",", Ernakulam",8,7
5,Fabulous!,"it's really worth product to purchase, the quality of the product is good ,and it has good and pleasant voice quality just loved it","May, 2021",", Thane",3,1
3,Good,"Honestly i could say that dont expect bass from this product, only average bass is there. But the company claimed it as super extra bass, but there is nothing like yhay just average bass, thats only. Treble is good thats enough, it is noy so awesome. I love deep bass, but this product is not suitable for me. Actual price is 298,after gst we will get this at the price of 349.so hope u know the quality of the headset so like my feedback if u have useful this","Aug, 2021",", Ettumanoor",3,0
5,Mind-blowing purchase,"I got the delivery of boAt BassHeads 100 wired earphone within two days of ordering. It comes in a standard cover along with a small polyester envelope and 2 pairs of spare ear buds. The earphone has a built-in microphone and click button for receiving calls, play/pause music and fast forwarding of songs.","Mar, 2021",", Chirang",3,0
5,Super!,Pros:,"May, 2020",", Pachora",3,0
5,Brilliant,"1. Sound quality is amazing in this price, total value for money.","Jun, 2019",", New Delhi",3,0
5,Brilliant,"2. Bass is quite high, but nothing problematic to ears.","Jun, 2019",", Secunderabad",3,0
3,OK...but stopped working properly after 6 months,3. Wire is tangle free and is having a matte finish giving it ...,"Jun, 2020",", Uttarpara Kotrung",5,1
5,Great product,Sound quality is Soo good at this price.... Good bass and also so easy to carry.... Value for money product must buy without hesitation....,"Nov, 2019",", Patna",5,1
5,Fabulous!,"The quality is really good, the bass isn't too much great in this but the clarity of voice is really awesome! ","May, 2019",", New Delhi",5,0
5,Fabulous!,must have at this reasonable price!,"May, 2020",", Kolkata",12,7
5,Just wow!,just good had some decent look and sound is great and the bass add some more juice to it total the music is just awesome,"Sep, 2019",", New Town",9,4
5,Terrific,That's good product their sound quality is Rich and comfortable to use it . My suggestion to bought blindly without any hesitation. Thank you Flipkart for providing such a better product or fastest delivery services.,"Aug, 2020",", Vaishali District",6,2
1,Useless product,zero bass. not worth the price ..,"Nov, 2018",", Pernem",19,14
5,Fabulous!,better headphones for half the price like Flipkarts very own .,"Jan, 2020",", Jagatsinghapur",6,3
5,Perfect product!,build quality is ok .. headphones fits good in Ur ears .,"Apr, 2022",", Perungulam",4,1
5,Super!,but important is sound quality which it lacks,"Apr, 2021",", Parli",4,1
5,Excellent,This a very good earphone under a good budget. I gifted it to my gf.  she is very happy with this.,"Jul, 2019",", Malappuram District",4,1
4,Pretty good,Boat gives a warranty of one year.i bought a similar headphone last year and it was not working after 4 months..when i raised a claim in their portal they replaced it with a new one..it worked fyn until now..so now i have bought the same product again.happy with the purchase and recommended.i write reviews because i read reviews before buying a product.i buy products which are with more positive reviews..If you read reviews then do write reviews guys..it will be helpful for someone.,"Mar, 2018",", Mumbai",15,12
4,Delightful,Very nice headphone I like it very much .üòçüòçüòç According to price it's osm üòçü•∞ and it's my first time shoping on Flipkart üòç very good product sound nnn bass was good üíô,"Oct, 2019",", Jajapur",5,2
4,Good at this price,nice product . good sound quality . very nice product. I think it's so different one stylish and good sound . helpful . thanks Flipkart and boAt.,"Jun, 2019",", Bangalore",5,2
5,Worth every penny,This boAt BassHeads 100 has a decent sound quality but the Bass for which boAt is Known is too low so didn't give u a perfect sound quality but still good in its price segment,7 months ago,", Korba",2,0
5,Worth every penny,Really very good product... don't think much just go for it... A nice budget friendly earphone...m very happy with the product üòçüòçüòçthanks flipkart for fast delivery in this lockdown period also...ü•∞ A happy customer...‚ù§Ô∏è,"Jun, 2020",", Bhubaneswar",4,0
5,Wonderful,In this price the product is good and sound quality is better than other. Comfortable in ear with the help of extra buds,"Jan, 2020",", Vadakara",4,0
5,Highly recommended,"Superb product at this price. I loved it. I'll suggest, just go for it. Givest the best value of money.","Nov, 2019",", Godda District",4,0
5,Perfect product!,Good product in this price and the sound was perfectly clear Base also good super product,"Aug, 2019",", Gadwal",4,0
5,Wonderful,I purchased this on 7th june 2019 and one side of the earphone stopepd working and the jack was also become loose . When i applied for the warranty it took one month to come but the best thing is they gave me a new one . It's awesome yaar . I liked the assurity of boat .,"Jul, 2020",", Korba",10,3
4,Pretty good,good bass effect. reasonable price..worth to buy. have   three size of buds. noiseless sound. mic is very sensible,"Jun, 2019",", Chennai",8,2
4,Nice product,great earphones with futuristic design . Looks cool .,"Jun, 2019",", Kochi",8,2
5,Best in the market!,sound quality is excellent.,"Oct, 2019",", Bhubaneswar",6,1
4,Really Nice,bass is also somewhat upto the expectations.,"Jun, 2020",", Bhopal",7,2
3,Good,"Cannot expect more in this range . just go for it , you'll love it.","Mar, 2022",", New Delhi",3,0
5,Awesome,One of the best earphones I have ever tried....I highly recommend this to anyone who is looking for best budget earphones for PUBG....and also for listening music!,"Sep, 2019",", Bilaspur",12,2
5,Classy product,quality of the headphone is awesome and bass is superb ,"May, 2019",", Sibsagar",9,1
5,Great product, i am happy with this product üòÑüòÉ,"Jun, 2020",", Ammoor",19,5
5,Terrific,Amazing product boat is a very good product bass is awesome I really like it,"Jun, 2020",", Bhubaneswar",14,3
5,Best in the market!,Writing this review after 6 months of usage.,"Aug, 2019",", Pune",15,4
5,Wonderful,Sound clarity is very good. Not a single issue had come till now with it. The bass is nice but if you want more bass then I suggest you to go with the other product i.e. BoAt Bassheads 103. But if it's not the case then this one is best for you. It's truly value for money! Go for it!,"Oct, 2019",", Baleshwar District",5,0
5,Must buy!,Excellent product @this price. Super Sound quality and nice looking pair.  I Specifically like its design by which it's so comfortable to fit in ear that you don't think that you have wear headset.  Good sound with decent bass and with added ear buds you can adjust your comfort zone.  So All I will Say A classy But Yet Powerful product By Boat..,"Aug, 2019",", Rajsamand",5,0
5,Simply awesome,very nice product.. very smooth base and clarity also good which is best for our ears.. Thanx flipkart,"Jun, 2019",", Chennai",5,0
5,Mind-blowing purchase,absolutely good product and good bass and good quality at headphone  thank you boAt,"May, 2019",", Surat",5,0
5,Just wow!,Really Awesome Sound...& Look wise Super Cool.. I love it.. Thanks Flipkartüòäüëå,"Aug, 2019",", Hyderabad",10,1
4,Nice product,There's no battery since it is a wired one. And when I listen song's with full sound then the 2nd person can able to hear.. Apart from that it's good ‚ò∫Ô∏è‚ò∫Ô∏è....,"Jul, 2020",", Nandivaram Guduvancheri",7,1
4,Good choice, Trandsüëåüëåüëå is a UK Brand and I found that Trands is the best qualityüëçüëçüëåüëåüëå ear plugs in terms... I request to Flipkart please add Trands ear phones.. You can check out Trands page in their fb and Instagram...,"Jun, 2020",", Indore",7,1
5,Terrific purchase,"It is good sound quality is also good but sometimes sound fluctuation happens in the earphone. I like the designing, colour is my fav, not sure about the durablity but sound quality is good.","Dec, 2019",", Dumka",7,1
5,Mind-blowing purchase,awesome product at best price I love it thank u flipkart,"Jun, 2020",", Basirhat",11,3
5,Terrific,Perfect bass perfect build quality ,"Aug, 2019",", Hyderabad",11,3
5,Super!,i hv been use it for past 2 months and it comes out with great performance... really Worth it :') for genuine music lovers...,"Jun, 2021",", Ballarpur",9,2
4,Wonderful,"the quality of earphones are just fine, the length is right. There's enough bass. For this price range, is this probably the best you could get. Try getting it in a different shade, the pink looks a little cheap does looks like you've picked it up from the local railway station. Apart from that everything is good.","Jun, 2019",", Bhilai",15,5
4,Value-for-money,I just love this amazing earphones from boat.... üòçü•∞,"Mar, 2020",", Lunkaransar",14,5
5,Fabulous!,It has an great sound quality with high bass... Believe me you want get any best product under this range expecting boat bassheads 100.....iam sure that u will love ‚ù§ this product,"Apr, 2021",", Jalandhar",3,0
5,Just wow!,a very good earphone in budget sound is awesome very pure sound but the bass is ok ok..  you can go for it without thinking much,"Jun, 2020",", Siliguri",3,0
5,Brilliant,Awesome Headset . I was searching for the same on Amazon however price was aboce 699/- and finally I got then on flipkart for just 399/-üëç. Really Happy . Yes one area of improvement could be the timelines of delivering the product can be shorter,"May, 2018",", Faridabad",14,1
5,Simply awesome,Good for bigeners ! ,"Sep, 2019",", Hyderabad",8,0
3,Fair,"Definitely not for the ones who love to have high bass but offcourse voice is clear, so as mic, design is excellent, overall a good purchase","Jun, 2020",", Hajipur",19,3
4,Nice product,It's a really perfect earphone. I love it . Sound quality and base is too good in this cost.,"Mar, 2020",", Kolar",19,3
4,Delightful,For whom i bought it she got surprised & also satisfied with this product & ofcourse i had a great faith on Boat headphones. I'm using since 2017.‚ô•Ô∏è‚ô•Ô∏è,"Feb, 2020",", Lucknow",7,0
3,Does the job,"This is is very good wired headset and bass is also good, overall music quality is very good speaker reception is is also very good overall it's a great product and you can buy this product without any doubts.","Dec, 2018",", Coimbatore",14,2
5,Just wow!,"guys, this is my genuine review. If you combine the sound and bass of the earphone, the sound is very low, and bass I kinda cool. if u wanna here some mass songs in this earphone or watch some action trailers in this earphone you'll be disappointed coz it only has bass. No sound even in full volume. but it's also kinda good for ur ears and head. if u come to it's design, man it's superbly made with that hawk inspiration. and also the wires are also very thick where there'll not be any damage ...","Jan, 2020",", Nagpur",10,1
5,Awesome,"I bought 1more and boAt BassHeads 100 headphones together, sound clarity, volume, bass and treble of boAt is much better than 1More. Comfortable ear buds, Zara Hatke design, sleek packaging. You don't wanna listen to music without boAt headphones. Truly price worthy.","Jun, 2020",", Chittaurgarh District",5,0
4,Nice product,Very nice and good design of this product and good sound quality and valuable of money ,"Jan, 2020",", Patti",6,0
5,Highly recommended,i really happy with this headphone,"May, 2020",", Bikaner",12,1
5,Simply awesome,sound quality is very clear and the bass is also very good üëåüòä worth the money... I'm fully satisfied with the product üòâüòäüòÅ,"Jul, 2019",", Habra",49,12
5,Excellent,Just a Wow product BoAt and amazing üööDelivery by Flipkart in the same day I ordered. Thank you Flipkart!!ü•∞ü•∞ Just loves it !,"Sep, 2019",", Coimbatore",28,4
5,Terrific,"I just loved it .....nalla niz product.pwoli sadhanam at a relatively affordable price, niz one it's good and worth for money","Sep, 2019",", Vilavur",76,4
5,Just wow!,best sound products for me strong bass I got this in earphones thank u boat & thank u flipkart,"Jan, 2020",", Kalyan",64,5
1,Very poor,Just like any another earphones. Bass is not that special as said. Bass is normal like you get in any other normal earphone. It was a disspointment as they said this is a bass special.  Now only thing that will determine if these are good is the time. If they survived for 1 year without any fault then I will say they are good otherwise they are bad cause there is nothing special in this earphone.,"Nov, 2018",", Navi Mumbai",50,24
5,Fabulous!,Best in budget earphones......,"Dec, 2019",", Lucknow",77,38
4,Good choice,sound quality is just awesome..,"Jul, 2019",", Agra District",34,5
5,Simply awesome,bass is so deep considering price,"May, 2018",", Pune",68,30
5,Excellent,sound is also punchy,"Dec, 2019",", Visakhapatnam",26,4
4,Very Good,vocals are also clearly audible,"Apr, 2019",", Ranaghat",39,11
3,Nice,"Nice headphone.I have used both 100 and. 225 bassheads.the wire quality is also not so bad compared to bass head 225 and the best thing is in 225 the bass is over normal and so normal treble and vocal get suppress.But in 100 bass heads the sound is just balanced and bass is super and over all sounds awesome , if want a earphones and don't want over bass with suppressed treble and vocals then go with bass heads 100 where everything is balanced and. awesome.","Aug, 2018",", Jamshedpur",141,46
1,Very poor,"look wise good but after 15 days it is available for just looks  only ,, very bad in 15 days one side is not working properly","Jan, 2020",", Kashipur",288,114
1,Waste of money!,After 6 month it won't work properly it's better to select other product than this even warranty is of no use they don't provide proper information it's better to select other than this even it's normal than other earphone,"Sep, 2019",", Peddapuram",412,406
5,Super!,"I think it's the most valuable product! Such nice earphones in such an affordable price..it was really unexpected..and the cutest part,it came with a free pouch wow! üòçüòç ","May, 2021",", Kalyani",43,10
5,Terrific,Sound is very crisp and clear! The bass is little less though.. but you'll enjoy listening to light music! üòåüòå I would say go for it if u have this budget..It's the best you can get in this range!,"May, 2020",", Ujjain",79,14
5,Super!,"First of thnq too flipkart for Quick & fast service & it's sound quality is good , design awesome , & this price segment that earphone is pretty nice worth of money","Sep, 2019",", Rourkela",31,8
4,Wonderful,This earphone is really good especially it has a superb bass heads. It is being beautifully packed. They really provide four extra earbuds for backup and even it gives all the customers 1 year warranty. It is really one of the most fast delivery app. I got this earphone within 5 days and I actually like this colour it is Black Matt .‚ù§üôèüíØüòä,"Feb, 2020",", Kollam District",65,17
5,Simply awesome,ONE OF THE BEST HEADSET AT THIS PRICEüëåüëå,"Dec, 2019",", Ernakulam",48,8
5,Great product,GOOD SOUND QUALITY AND BUILD QUALITY IS ALSO AWESOME. BUT BASS IS NOT AT THAT GREAT BUT EVEN GREAT AT THIS PRICE SEGMENT. GO FOR IT GUYS. ALSO IT IS BEST FOR PUBG MOBILE.AWESOME,"May, 2019",", Asansol",42,7
5,Best in the market!,"The colour is the highlight, looks pretty good on ears, good performance when jogging, holds tight to the ears, not so good when wearing with helmets as it jumps out as we remove, thus leading to breaking of cable maybe...","Jul, 2019",", Sonbhadra",33,3
1,Very poor,I purchased one month back. now when insert into mobile phones the volume automatically reduced to zero  without headset the volume function works normally. same connect to other phone also volume reduced. when we hear through other headset the volume function works effectively,"Jul, 2019",", Kanchipuram",82,58
1,Don't waste your money,i have been using MI earphone but i was purchased boat earphone for my friend .both i was compared boat earphone not better than MI earphone. my honest recommendation is only MI earphoneüëåüëåüëå,"Sep, 2019",", Dharwad",45,80
5,Excellent,Such a nice product  üòä and the sound quality  is good and bass is nice.And the  design is so beautiful üòé,"Jul, 2020",", Palakkad District",46,4
5,Mind-blowing purchase,Amazing headset no words for it. sound quality is very very good. Bass quality is awesome. Looks very beautiful and decent. Thanks to flipkart for providing this amazing product.,"Oct, 2019",", Mainpuri",25,7
5,Excellent,"very good sound value of money . Best in the market, can't get so good earplugs in this money","Oct, 2019",", Durgapur",22,3
4,Value-for-money,Very good product and nice designing sound clarity good,"Jun, 2021",", Dindigul",40,4
5,Super!,Excellent product but bass is average but sounds quality is good ,"Jan, 2020",", Dhanbad",30,6
5,Wonderful,Bass is also good but not much I think,"Jul, 2019",", Coimbatore District",18,0
5,Terrific purchase,nice product..  color is exactly shown in the pic.  best headset in this price range..  worth buying..  i ll suggest this product under this cost..  loved this headset from boAt.,"May, 2019",", New Delhi",16,1
5,Mind-blowing purchase,"Good earphones, with great base and sound quality. I tried it by playing it with various songs. In short, it's a brilliant product with effective price and also you are getting 1 year warranty on this. So, it's a great deal.","Jun, 2020",", Tiruvannamalai District",14,1
4,Good choice,price wise quality good. sound good. Bass is good. Everything about it is good not excellent. wire length is nice not to short nor to long. wire is tangle free. Build quality is good. in ear fit is good. Budget wise one can go for it.,"Aug, 2018",", New Delhi",454,95
4,Pretty good,Clarity os good but the bass is low and the treble is high. Wired is comparatively good as per it is not the braided cable.,"Jun, 2020",", Hugli Chinsurah",744,165
4,Very Good,lovely one! loved the colour the design the shape the quality is absolutely fine good bass good audio quality I'm satisfied warranty card for 1 year and A small magazine is also in the box.  Go for it worth the Price üòÑ,"Jan, 2020",", Shillong",516,118
5,Perfect product!,"perfect one for music lovers.. Amazing bass and treble was also good.. loving it.. its a budget range gadget, I recommend it to everyone..","Apr, 2019",", Salem",247,52
4,Nice product,"Very good clarity, bass is also very good. I have previously used boat 225, compared to that , product is very light and prefectly fits in ear. Bass is slightly lesser than 225, clarity is very good somewhat better than 225, can hear every beat, microphone is also very good.","Dec, 2017",", Kolkata",1010,274
5,Must buy!,Download a decent equalizer and you are all set.,"Dec, 2019",", Agartala",298,74
5,Great product,"Last but not least ,awesome delivery by flipkart.","Dec, 2018",", Bhilai",221,54
5,Worth every penny,The earphones looks so stylish and it's performance is amazing it offers a Great bass and it's supersonic looks is Wonderful ‚ù§Ô∏è Thanks to Flipkart and boat for such a great product. Thank you thank you Thank you Flipkart so so much ‚ù§Ô∏è,"Mar, 2021",", Kottayam",221,62
4,Value-for-money,"it's a decent product from boat, decent bass treble is good .","Dec, 2019",", Burdwan",342,112
5,Just wow!,"if you want to buy a earphone that explodes with bass don't go for this one, but if you want clear punch and drums sound..than you should definitely buy this as its bass doesn't blend with treble and ruin the quality...","Mar, 2020",", Greater Noida",163,48
